{"cameraMode":{"drawMode":0,"name":"Shaded","section":"Shading Mode"},"sceneLighting":false,"audioPlay":false,"sceneViewState":{"showFog":true,"showMaterialUpdate":false,"showSkybox":false,"showFlares":true,"showImageEffects":true,"showParticleSystems":true},"in2DMode":false,"pivot":{"x":37.00729751586914,"y":-0.04931044578552246,"z":0.024119853973388673},"rotation":{"x":-0.23046444356441499,"y":0.5262681245803833,"z":-0.1507604569196701,"w":-0.8044906854629517},"size":38.11347198486328,"orthographic":false}